"Question","Answer"
"Does the website offer Cash on Delivery (COD)?","No, the website does not currently offer Cash on Delivery (COD) but is considering implementing it in the future."
"What online payment options are available (e.g., Paytm)?","During checkout, you can pay using Visa, MasterCard, American Express credit/debit cards, PayPal, and Apple Pay. Paytm is not available."
"Is the website secure?","Yes, the website is registered as an LLC and encrypts information end-to-end for security. Personal and payment details are fully protected."
"Does the website have any ongoing offers or coupons?","Check the website’s homepage or the New Offers section for ongoing promotions or coupon codes."
"What is the average delivery time?","The website offers standard delivery (2-5 working days) and next-day delivery. Delivery times depend on your location within the mainland United Kingdom. For more details, refer to the delivery and return policy."
"Does the website offer branded items for various occasions?","Search for branded items categorized by occasions within the website’s product listings."
"Does the website update its offerings to reflect new trends?","Look for new arrivals or trending sections on the website to stay updated on the latest offerings."
"How can I contact customer support if I have a question or issue?","You can contact customer support via email (support@ukmegashop.com), WhatsApp (+447553874777), phone (+44753874777), or the live chat feature on the website."
"Are there any additional costs like shipping or taxes?","There are no taxes, but shipping charges apply for delivery. Shipping costs vary depending on the destination and size of your order and are calculated at checkout."
"Is the item in stock and ready to ship?","Confirm product availability and shipping times during checkout."
"Can you estimate when the item will arrive and where it will be shipped from?","Estimated delivery times and shipping origins are provided during checkout. Delivery typically takes 2-5 business days within the mainland UK."
"What is the return, refund, and cancellation policy?","We accept returns within 30 days of purchase if items are in their original condition and packaging. Orders can be cancelled within 24 hours of placement. For detailed information, review the website’s policies or contact customer support."
"Is there a warranty or guarantee on the products?","If a product has a guarantee, it is visible under the specification section of each product."
"Are there any special promotions or discounts for new customers?","New customers can enjoy a 10% discount on their first order."
"Can I sign up for notifications about upcoming sales or new arrivals?","Yes, you can sign up for the New Offers newsletter in the website’s footer"